Domain,Status,Attractiveness,Demand,Length,Sectors,Created,Expires,Registrar
one.page,premium,132,44%,3,"Business,General,Media,Technology",12/01/2020 04:31,12/01/2026 04:31,Namecheap Inc.
second.page,available,120,23%,6,"General,Mathematics",,,
flat.page,available,116,24%,4,"Construction,Real Estate",,,
eight.page,available,102,23%,5,"General,Mathematics",,,
crack.page,available,100,20%,5,Sports,,,
third.page,available,100,16%,5,Mathematics,,,
sixth.page,available,100,8%,5,Mathematics,,,
eighth.page,available,100,6%,6,Mathematics,,,
twentieth.page,available,92,3%,9,Mathematics,,,
nought.page,available,92,4%,6,Mathematics,,,
leash.page,available,90,7%,5,"General,Health and Fitness,Retail",,,
eleven.page,available,88,33%,6,Mathematics,,,
fifteen.page,available,88,13%,7,Mathematics,,,
sixteen.page,available,88,11%,7,Mathematics,,,
three.page,available,88,24%,5,Mathematics,,,
ten.page,available,88,28%,3,"General,Mathematics",,,
hundred.page,available,88,14%,7,Mathematics,,,
twelve.page,available,88,18%,6,"General,Mathematics",,,
xix.page,available,86,11%,3,Mathematics,,,
xiv.page,available,86,12%,3,Mathematics,,,
twentyone.page,available,84,13%,10,Mathematics,,,
thirteen.page,available,84,10%,8,Mathematics,,,
fourteen.page,available,84,8%,8,Mathematics,,,
twentytwo.page,available,84,11%,10,Mathematics,,,
seventeen.page,available,84,7%,9,Mathematics,,,
nineteen.page,available,84,8%,8,Mathematics,,,
grand.page,available,84,25%,5,"Finance,General",,,
thousand.page,available,84,8%,8,Mathematics,,,
dozen.page,available,82,10%,5,Mathematics,,,
fivesome.page,available,82,1%,8,Sports,,,
decade.page,available,82,10%,6,Mathematics,,,
twenty.page,available,80,12%,6,Mathematics,,,
yard.page,available,80,26%,4,"Construction,General",,,
two.page,available,80,24%,3,Mathematics,,,
nine.page,available,80,24%,4,"General,Mathematics",,,
seventh.page,available,80,10%,7,Mathematics,,,
trio.page,available,80,21%,4,Entertainment,,,
sixtynine.page,available,78,8%,10,Mathematics,,,
twentysix.page,available,78,8%,10,Mathematics,,,
firstrate.page,available,76,6%,10,Business,,,
hundredth.page,available,76,1%,9,Mathematics,,,
threed.page,available,76,7%,7,Technology,,,
eighteen.page,available,76,7%,8,Mathematics,,,
fifteenth.page,available,76,2%,9,Mathematics,,,
nineteenth.page,available,76,3%,10,Mathematics,,,
fourteenth.page,available,76,1%,10,Mathematics,,,
thousandth.page,available,76,1%,10,Mathematics,,,
seventieth.page,available,72,1%,10,Mathematics,,,
ternary.page,available,72,7%,7,Mathematics,,,
sixtieth.page,available,72,1%,8,Mathematics,,,
eightieth.page,available,72,1%,9,Mathematics,,,
ninetieth.page,available,72,1%,9,Mathematics,,,
trinity.page,available,72,18%,7,Religion,,,
unity.page,available,70,40%,5,Mathematics,,,
ane.page,available,68,12%,3,Mathematics,,,
sevener.page,available,68,1%,7,Mathematics,,,
ennead.page,available,68,5%,6,Mathematics,,,
foursome.page,available,68,4%,8,Sports,,,
octonary.page,available,68,1%,8,Mathematics,,,
fiftieth.page,available,68,0%,8,Mathematics,,,
thirtieth.page,available,68,1%,9,Mathematics,,,
septenary.page,available,68,1%,9,Mathematics,,,
fortieth.page,available,68,0%,8,Mathematics,,,
threesome.page,available,68,5%,9,Entertainment,,,
xxvi.page,available,66,3%,4,Mathematics,,,
deuce.page,available,66,9%,5,Sports,,,
ninety.page,available,66,11%,6,Mathematics,,,
xxii.page,available,66,6%,4,Mathematics,,,
eighty.page,available,66,6%,6,Mathematics,,,
five.page,available,66,26%,4,Mathematics,,,
sextet.page,available,66,1%,6,Entertainment,,,
four.page,available,66,27%,4,Mathematics,,,
xvi.page,available,66,5%,3,Mathematics,,,
clv.page,available,66,10%,3,Mathematics,,,
century.page,available,66,17%,7,Education,,,
acappella.page,available,66,6%,10,Entertainment,,,
xvii.page,available,66,5%,4,Mathematics,,,
thirty.page,available,66,8%,6,Mathematics,,,
fifty.page,available,66,12%,5,Mathematics,,,
xviii.page,available,66,5%,5,Mathematics,,,
xiii.page,available,66,9%,4,Mathematics,,,
xii.page,available,66,10%,3,Mathematics,,,
latest.page,available,66,18%,6,Technology,,,
onec.page,available,66,6%,5,Mathematics,,,
tenner.page,available,66,5%,6,Finance,,,
xxi.page,available,66,10%,3,Mathematics,,,
six.page,available,66,26%,3,Mathematics,,,
xxv.page,available,66,6%,3,Mathematics,,,
troika.page,available,62,8%,6,Politics,,,
fortyfour.page,available,62,6%,10,Mathematics,,,
sixteenth.page,available,62,1%,9,Mathematics,,,
twodozen.page,available,62,1%,9,Mathematics,,,
longdozen.page,available,62,2%,10,Mathematics,,,
eleventh.page,available,62,5%,8,Mathematics,,,
chiliad.page,available,62,2%,7,Mathematics,,,
eighteenth.page,available,62,1%,10,Mathematics,,,
quartet.page,available,62,7%,7,"Arts,Entertainment",,,
clxx.page,available,60,3%,4,Mathematics,,,
cxlv.page,available,60,2%,4,Mathematics,,,
sixty.page,available,60,13%,5,Mathematics,,,
cxx.page,available,60,10%,3,Mathematics,,,
cxxxv.page,available,60,2%,5,Mathematics,,,
cxl.page,available,60,7%,3,Mathematics,,,
clx.page,available,60,10%,3,Mathematics,,,
clxxv.page,available,60,1%,5,Mathematics,,,
cxv.page,available,60,4%,3,Mathematics,,,
clxv.page,available,60,1%,4,Mathematics,,,
clxxx.page,available,60,1%,5,Mathematics,,,
xcl.page,available,60,5%,3,Mathematics,,,
tertiary.page,available,60,4%,8,Education,,,
eightysix.page,available,60,7%,10,Mathematics,,,
cxxx.page,available,60,4%,4,Mathematics,,,
thou.page,available,60,7%,4,Mathematics,,,
cxxv.page,available,60,1%,4,Mathematics,,,
hexad.page,available,58,4%,5,Mathematics,,,
centesimal.page,available,58,1%,10,Mathematics,,,
octad.page,available,58,5%,5,Mathematics,,,
sixer.page,available,58,5%,5,Sports,,,
cypher.page,available,58,29%,6,Mathematics,,,
eighter.page,available,58,2%,7,Mathematics,,,
twelfth.page,available,58,2%,7,Mathematics,,,
seven.page,available,58,36%,5,Mathematics,,,
sextuplet.page,available,58,1%,9,Healthcare,,,
heptad.page,available,58,1%,6,Mathematics,,,
fourscore.page,available,58,4%,9,Mathematics,,,
lxxx.page,available,58,2%,4,Mathematics,,,
pentad.page,available,58,2%,6,Mathematics,,,
tetrad.page,available,58,5%,6,Mathematics,,,
fifth.page,available,58,12%,5,Mathematics,,,
seventy.page,available,58,7%,7,Mathematics,,,
sixtyone.page,available,58,3%,9,Mathematics,,,
niner.page,available,58,5%,5,Mathematics,,,
alacarte.page,available,58,11%,10,Food and Beverage,,,
fourth.page,available,58,13%,6,Mathematics,,,
aone.page,available,56,15%,5,Food and Beverage,,,
xxviii.page,available,56,1%,6,Mathematics,,,
fortysix.page,available,56,3%,9,Mathematics,,,
fiftyfive.page,available,56,7%,10,Mathematics,,,
lviii.page,available,56,1%,5,Mathematics,,,
xlviii.page,available,56,1%,6,Mathematics,,,
xxxviii.page,available,56,1%,7,Mathematics,,,
xxxiii.page,available,56,2%,6,Mathematics,,,
xxxvii.page,available,56,2%,6,Mathematics,,,
xxix.page,available,56,4%,4,Mathematics,,,
thirtyone.page,available,56,5%,10,Mathematics,,,
xlvi.page,available,56,3%,4,Mathematics,,,
fiftysix.page,available,56,4%,9,Mathematics,,,
xliii.page,available,56,1%,5,Mathematics,,,
fortynine.page,available,56,3%,10,Mathematics,,,
fortyone.page,available,56,4%,9,Mathematics,,,
thirtytwo.page,available,56,5%,10,Mathematics,,,
xxxi.page,available,56,9%,4,Mathematics,,,
xlv.page,available,56,6%,3,Mathematics,,,
xxvii.page,available,56,3%,5,Mathematics,,,
fiftyfour.page,available,56,3%,10,Mathematics,,,
fortytwo.page,available,56,17%,9,Mathematics,,,
xxxii.page,available,56,1%,5,Mathematics,,,
lvi.page,available,56,8%,3,Mathematics,,,
xxiii.page,available,56,5%,5,Mathematics,,,
thirtysix.page,available,56,5%,10,Mathematics,,,
liii.page,available,56,4%,4,Mathematics,,,
fiftynine.page,available,56,4%,10,Mathematics,,,
xxxvi.page,available,56,1%,5,Mathematics,,,
xliv.page,available,56,2%,4,Mathematics,,,
fiftytwo.page,available,56,6%,9,Mathematics,,,
xlvii.page,available,56,2%,5,Mathematics,,,
xlii.page,available,56,5%,4,Mathematics,,,
lvii.page,available,56,1%,4,Mathematics,,,
fiftyone.page,available,56,7%,9,Mathematics,,,
xli.page,available,56,5%,3,Mathematics,,,
xxxv.page,available,56,4%,4,Mathematics,,,
lii.page,available,56,7%,3,Mathematics,,,
halfdozen.page,available,56,1%,10,Mathematics,,,
ilx.page,available,56,5%,3,Mathematics,,,
xxxiv.page,available,56,1%,5,Mathematics,,,
twoscore.page,available,54,2%,8,Mathematics,,,
quaternity.page,available,54,4%,10,Mathematics,,,
fortyfive.page,available,54,4%,10,Mathematics,,,
quaternion.page,available,54,6%,10,Mathematics,,,
topnotch.page,available,54,18%,8,Business,,,
quatern.page,available,54,2%,7,Mathematics,,,
viii.page,available,54,6%,4,Mathematics,,,
deuceace.page,available,54,2%,9,Sports,,,
threescore.page,available,54,1%,10,Mathematics,,,
ixl.page,available,52,9%,3,Mathematics,,,
lxxxiii.page,available,52,1%,7,Mathematics,,,
xciii.page,available,52,1%,5,Mathematics,,,
lxii.page,available,52,1%,4,Mathematics,,,
lxxii.page,available,52,1%,5,Mathematics,,,
lxxiii.page,available,52,1%,6,Mathematics,,,
lxxxvi.page,available,52,1%,6,Mathematics,,,
lxxvii.page,available,52,2%,6,Mathematics,,,
lxvii.page,available,52,1%,5,Mathematics,,,
lxi.page,available,52,5%,3,Mathematics,,,
lxv.page,available,52,5%,3,Mathematics,,,
xcvii.page,available,52,1%,5,Mathematics,,,
ninetyone.page,available,52,5%,10,Mathematics,,,
lxxxvii.page,available,52,1%,7,Mathematics,,,
eightytwo.page,available,52,4%,10,Mathematics,,,
lxxiv.page,available,52,1%,5,Mathematics,,,
xcv.page,available,52,7%,3,Mathematics,,,
xciv.page,available,52,2%,4,Mathematics,,,
lxxi.page,available,52,1%,4,Mathematics,,,
sixtytwo.page,available,52,3%,9,Mathematics,,,
eightyone.page,available,52,3%,10,Mathematics,,,
xcii.page,available,52,2%,4,Mathematics,,,
sixtyfour.page,available,52,3%,10,Mathematics,,,
xcviii.page,available,52,1%,6,Mathematics,,,
lxxvi.page,available,52,1%,5,Mathematics,,,
lxiii.page,available,52,2%,5,Mathematics,,,
lxxxii.page,available,52,1%,6,Mathematics,,,
sixtysix.page,available,52,4%,9,Mathematics,,,
lxiv.page,available,52,3%,4,Mathematics,,,
ixc.page,available,52,5%,3,Mathematics,,,
sixtyfive.page,available,52,3%,10,Mathematics,,,
lxxv.page,available,52,1%,4,Mathematics,,,
xci.page,available,52,4%,3,Mathematics,,,
lxvi.page,available,52,3%,4,Mathematics,,,
lxviii.page,available,52,1%,6,Mathematics,,,
lxxxv.page,available,52,1%,5,Mathematics,,,
ninetytwo.page,available,52,4%,10,Mathematics,,,
lxxxi.page,available,52,1%,5,Mathematics,,,
lxxxiv.page,available,52,1%,6,Mathematics,,,
xcvi.page,available,52,2%,4,Mathematics,,,
ninetysix.page,available,52,4%,10,Mathematics,,,
triplet.page,available,50,8%,7,Science,,,
cinque.page,available,50,7%,6,Mathematics,,,
lxx.page,available,50,5%,3,Mathematics,,,
ogdoad.page,available,50,1%,6,Mathematics,,,
lxxxviii.page,available,48,1%,8,Mathematics,,,
quaternary.page,available,46,3%,10,Mathematics,,,